<?xml version="1.0" encoding="UTF-8"?>
<project-private xmlns="http://www.netbeans.org/ns/project-private/1">
    <editor-bookmarks xmlns="http://www.netbeans.org/ns/editor-bookmarks/2" lastBookmarkId="0"/>
    <open-files xmlns="http://www.netbeans.org/ns/projectui-open-files/2">
        <group>
            <file>file:/C:/Users/arith/Documents/Skooter2021/src/Modelo/Vida.java</file>
            <file>file:/C:/Users/arith/Documents/Skooter2021/src/Auxiliar/Consts.java</file>
            <file>file:/C:/Users/arith/Documents/Skooter2021/src/Modelo/BlocoMovelExplosivo.java</file>
            <file>file:/C:/Users/arith/Documents/Skooter2021/src/Modelo/Seta.java</file>
            <file>file:/C:/Users/arith/Documents/Skooter2021/src/Modelo/BlocoFixoComum.java</file>
            <file>file:/C:/Users/arith/Documents/Skooter2021/src/Modelo/Elemento.java</file>
            <file>file:/C:/Users/arith/Documents/Skooter2021/src/Auxiliar/Posicao.java</file>
            <file>file:/C:/Users/arith/Documents/Skooter2021/src/Modelo/BlocoFixoExplosivo.java</file>
            <file>file:/C:/Users/arith/Documents/Skooter2021/src/Modelo/Cogumelo.java</file>
            <file>file:/C:/Users/arith/Documents/Skooter2021/src/Modelo/BlocoMovelComum.java</file>
            <file>file:/C:/Users/arith/Documents/Skooter2021/src/Modelo/Main.java</file>
            <file>file:/C:/Users/arith/Documents/Skooter2021/src/Controler/Tela.java</file>
            <file>file:/C:/Users/arith/Documents/Skooter2021/src/Auxiliar/Desenhador.java</file>
            <file>file:/C:/Users/arith/Documents/Skooter2021/src/Modelo/Hero.java</file>
            <file>file:/C:/Users/arith/Documents/Skooter2021/src/Controler/ControleDeJogo.java</file>
            <file>file:/C:/Users/arith/Documents/Skooter2021/src/Controler/Fase.java</file>
            <file>file:/C:/Users/arith/Documents/Skooter2021/src/Modelo/Monstrinho.java</file>
        </group>
    </open-files>
</project-private>
